,City2,State2,savings,hpigap,Pop,Location,Latitude,Longitude
1,Abilene,TX,0.3087260739,93.5353125,408,"Abilene, TX",32.4487364,-99.7331439
2,Akron,OH,0.5081301052,147.337,85,"Akron, OH",41.0814447,-81.5190053
3,Albany,GA,0.2587198257,51.07,13,"Albany, GA",31.5785074,-84.155741
4,Albany-Lebanon,OR,0.1594960141,52.433125,632,"Albany-Lebanon, OR",44.5365119,-122.9070339
5,Albany-Schenectady-Troy,NY,0.2956053349,95.7409375,334,"Albany-Schenectady-Troy, NY",42.7284117,-73.6917851
6,Albuquerque,NM,0.3040563065,77.63307692,1228,"Albuquerque, NM",35.0843859,-106.650422
7,Alexandria,LA,0.2579234397,80.81375,305,"Alexandria, LA",31.3112936,-92.4451371
8,Allentown-Bethlehem-Easton,PA,0.3557460993,105.737,137,"Allentown-Bethlehem-Easton, PA",40.5833639,-75.5043761
9,Altoona,PA,0.2566721538,74.0825,32,"Altoona, PA",40.5186809,-78.3947359
10,Amarillo,TX,0.2746847884,81.64071429,450,"Amarillo, TX",35.2219971,-101.8312969
11,Ames,IA,0.2818497314,79.8685,126,"Ames, IA",42.0307812,-93.6319131
12,Ann Arbor,MI,0.2987877716,89.44166667,191,"Ann Arbor, MI",42.2808256,-83.7430378
13,Anniston-Oxford,AL,0.4771778645,153.13625,99,"Anniston-Oxford, AL",33.7701576,-85.80766
14,Appleton,WI,0.3616302577,106.9445,273,"Appleton, WI",44.2619309,-88.4153847
15,Asheville,NC,0.1577088772,57.131875,512,"Asheville, NC",35.5950581,-82.5514869
16,Athens-Clarke County,GA,0.2356030839,65.56,78,"Athens-Clarke County, GA",33.9519347,-83.357567
17,Atlanta-Sandy Springs-Alpharetta,GA,0.270666051,80.16392857,2572,"Atlanta-Sandy Springs-Alpharetta, GA",34.0753762,-84.2940899
18,Atlantic City-Hammonton,NJ,0.3543604058,115.42,44,"Atlantic City-Hammonton, NJ",39.6365056,-74.8023853
19,Auburn-Opelika,AL,0.3376978887,95.8125,60,"Auburn-Opelika, AL",32.637656,-85.3836481
20,Augusta-Richmond County,GA,0.3497270499,97.74692308,827,"Augusta-Richmond County, GA",33.4734978,-82.0105148
21,Austin-Round Rock-GeorgeTown,TX,-0.05820875783,-6.98328125,10053,"Austin-Round Rock-GeorgeTown, TX",30.6332618,-97.6779842
22,Baltimore-Columbia-Towson,MD,0.02695002519,14.74416667,725,"Baltimore-Columbia-Towson, MD",39.372594,-76.6412712
23,Bangor,ME,0.3617407473,109.05875,147,"Bangor, ME",44.8016128,-68.7712257
24,Barnstable Town,MA,0.1093481231,34.01,145,"Barnstable Town, MA",41.7003208,-70.3002024
25,Baton Rouge,LA,0.1516143789,53.901875,328,"Baton Rouge, LA",30.4514677,-91.1871466
26,Battle Creek,MI,0.3930064481,112.3183333,36,"Battle Creek, MI",42.3211522,-85.1797142
27,Bay City,MI,0.3383908781,74.045,47,"Bay City, MI",43.5944677,-83.8888647
28,Beaumont-Port Arthur,TX,0.3082482841,95.7895,794,"Beaumont-Port Arthur, TX",30.080174,-94.1265562
29,Beckley,WV,0.1857668245,43.945,3,"Beckley, WV",37.7781702,-81.1881557
30,Bellingham,WA,0.09711741215,35.23653846,673,"Bellingham, WA",48.7519112,-122.4786854
31,Bend,OR,-0.04735505296,-2.1275,2141,"Bend, OR",44.0581728,-121.3153096
32,Billings,MT,0.09723059073,39.07416667,124,"Billings, MT",45.7832856,-108.5006904
33,Binghamton,NY,0.454340394,153.8475,46,"Binghamton, NY",42.0986867,-75.9179738
34,Birmingham-Hoover,AL,0.2921695997,86.623,276,"Birmingham-Hoover, AL",33.4053867,-86.8113781
35,Bismarck,ND,0.02481313112,9.158333333,48,"Bismarck, ND",46.8054947,-100.7876931
36,Blacksburg-Christiansburg,VA,0.1753117439,47.02166667,180,"Blacksburg-Christiansburg, VA",37.2295733,-80.4139393
37,Bloomington,IL,0.3886339137,99.153125,80,"Bloomington, IL",40.4842027,-88.9936873
38,Bloomington,IN,0.2791683122,76.9955,359,"Bloomington, IN",39.165325,-86.5263857
39,Bloomsburg-Berwick,PA,0.3616670686,112.4875,14,"Bloomsburg-Berwick, PA",41.003698,-76.4549457
40,Boise City,ID,0.1673922245,52.61090909,7676,"Boise City, ID",43.6150186,-116.2023137
41,Boston-Cambridge-Newton,MA,-0.05071539727,-1.495714286,1277,"Boston-Cambridge-Newton, MA",42.3736158,-71.1097335
42,Boulder,CO,-0.03836171868,-2.12475,2065,"Boulder, CO",40.0149856,-105.2705456
43,Bowling Green,KY,0.4422078169,133.2933333,125,"Bowling Green, KY",36.9685219,-86.4808043
44,Bremerton-Silverdale-Port Orchard,WA,0.03716197513,20.15152778,2069,"Bremerton-Silverdale-Port Orchard, WA",47.5403732,-122.6362492
45,Bridgeport-Stamford-Norwalk,CT,0.2619613093,79.745,124,"Bridgeport-Stamford-Norwalk, CT",41.117744,-73.4081575
46,Brownsville-Harlingen,TX,0.3386131298,84.6825,195,"Brownsville-Harlingen, TX",26.1906306,-97.6961026
47,Brunswick,GA,0.4269727105,146.38875,25,"Brunswick, GA",31.1499528,-81.4914894
48,Buffalo-Cheektowaga,NY,0.3255341388,88.195,195,"Buffalo-Cheektowaga, NY",42.9071477,-78.7542892
49,Burlington,NC,0.5817032562,205.32875,221,"Burlington, NC",36.0959801,-79.4371405
50,Burlington-South Burlington,VT,0.2272737764,77.2090625,286,"Burlington-South Burlington, VT",44.4669941,-73.1709604
51,California-Lexington Park,MD,0.1973342421,57.31375,93,"California-Lexington Park, MD",38.3004029,-76.5074542
52,Canton-Massillon,OH,0.4085055952,102.64,79,"Canton-Massillon, OH",40.7989473,-81.378447
53,Cape Coral-Fort Myers,FL,0.1365986319,46.06272727,785,"Cape Coral-Fort Myers, FL",26.5605279,-81.9274896
54,Cape Girardeau,MO,0.319355005,87.36416667,52,"Cape Girardeau, MO",37.3058839,-89.5181476
55,Carbondale-Marion,IL,0.2910195664,79.35,67,"Carbondale-Marion, IL",37.7272727,-89.2167501
56,Carson City,NV,0.2074514428,62.58279412,902,"Carson City, NV",39.1637984,-119.7674034
57,Casper,WY,-0.1408943643,-15.096875,69,"Casper, WY",42.848709,-106.2980824
58,Cedar Rapids,IA,0.4876475779,161.466875,85,"Cedar Rapids, IA",41.9778795,-91.6656232
59,Chambersburg-Waynesboro,PA,0.4566686006,154.3108333,25,"Chambersburg-Waynesboro, PA",39.9375911,-77.6611022
60,Champaign-Urbana,IL,0.3979129328,116.16,49,"Champaign-Urbana, IL",40.1105875,-88.2072697
61,Charleston,WV,0.4914414357,167.036875,106,"Charleston, WV",38.3498195,-81.6326234
62,Charleston-North Charleston,SC,-0.139524884,-23.51357143,985,"Charleston-North Charleston, SC",32.8909785,-80.0691552
63,Charlotte-Concord-Gastonia,NC,0.2636930272,76.79846154,2284,"Charlotte-Concord-Gastonia, NC",35.1223173,-80.7214417
64,Charlottesville,VA,0.3177154775,108.7208333,139,"Charlottesville, VA",38.0293059,-78.4766781
65,Chattanooga,TN,0.2395998782,66.88575,1025,"Chattanooga, TN",35.0457984,-85.3093995
66,Cheyenne,WY,0.1533219051,54.73725,427,"Cheyenne, WY",41.1399814,-104.8202462
67,Chicago-Naperville-Elgin,IL,0.2125922614,49.91395833,1352,"Chicago-Naperville-Elgin, IL",42.2162567,-87.8549755
68,Cincinnati,OH,0.397912789,118.085,779,"Cincinnati, OH",39.1031182,-84.5120196
69,Clarksville,TN,0.2291023705,68.81846154,1041,"Clarksville, TN",36.5297706,-87.3594528
70,Cleveland,TN,0.4091174653,135.6916667,190,"Cleveland, TN",35.1595182,-84.8766115
71,Cleveland-Elyria,OH,0.4653531548,131.8875,987,"Cleveland-Elyria, OH",41.3683798,-82.1076486
72,Coeur d'Alene,ID,0.2097880449,66.58333333,1371,"Coeur d'Alene, ID",47.6734632,-116.7812225
73,College Station-Bryan,TX,0.1610566757,51.248125,504,"College Station-Bryan, TX",30.825147,-96.4929797
74,Colorado Springs,CO,0.2824474642,87.82057692,2334,"Colorado Springs, CO",38.8338816,-104.8213634
75,Columbia,MO,0.332165293,99.582,182,"Columbia, MO",38.9517053,-92.3340724
76,Columbia,SC,0.31595425,88.92985294,1920,"Columbia, SC",34.0007104,-81.0348144
77,Columbus,GA,0.3776002882,109.7102083,416,"Columbus, GA",32.4609764,-84.9877094
78,Columbus,IN,0.5516580051,194.94625,41,"Columbus, IN",39.2014404,-85.9213796
79,Columbus,OH,0.3031379335,80.5725,367,"Columbus, OH",39.9611755,-82.9987942
80,Corpus Christi,TX,0.2326494807,68.611,569,"Corpus Christi, TX",27.8005828,-97.396381
81,Corvallis,OR,0.2355959499,80.1346875,519,"Corvallis, OR",44.5645659,-123.2620435
82,Crestview-Fort Walton Beach-Destin,FL,0.1793208218,60.58909091,590,"Crestview-Fort Walton Beach-Destin, FL",30.3935337,-86.4957833
83,Cumberland,MD,0.5585815074,197.33875,10,"Cumberland, MD",39.6528654,-78.7625185
84,Dallas-Fort Worth-Arlington,TX,0.07360150849,29.788625,14142,"Dallas-Fort Worth-Arlington, TX",32.735687,-97.1080656
85,Dalton,GA,0.4050422229,126.24,156,"Dalton, GA",34.7698021,-84.9702228
86,Danville,IL,0.1684916087,32.93,2,"Danville, IL",40.124481,-87.6300207
87,Daphne-Fairhope-Foley,AL,0.181251334,48.641,36,"Daphne-Fairhope-Foley, AL",30.6035255,-87.9036047
88,Davenport-Moline-Rock Island,IA,0.2389799537,63.7275,477,"Davenport-Moline-Rock Island, IA",41.5067003,-90.5151342
89,Dayton-Kettering,OH,0.4764533143,131.7768182,727,"Dayton-Kettering, OH",39.7107627,-84.139777
90,Decatur,AL,0.3368587999,94.05,7,"Decatur, AL",34.6059253,-86.9833417
91,Decatur,IL,0.4647853498,133.1608333,66,"Decatur, IL",39.8403147,-88.9548001
92,Deltona-Daytona Beach-Ormond Beach,FL,0.1763402837,55.50805556,460,"Deltona-Daytona Beach-Ormond Beach, FL",29.2858129,-81.0558894
93,Denver-Aurora-Lakewood,CO,-0.03801563281,1.158846154,5492,"Denver-Aurora-Lakewood, CO",39.5142848,-104.8454619
94,Des Moines-West Des Moines,IA,0.3101475154,93.30875,408,"Des Moines-West Des Moines, IA",41.5410117,-93.8163328
95,Detroit-Warren-Dearborn,MI,0.2736104183,58.691,287,"Detroit-Warren-Dearborn, MI",42.3222599,-83.1763145
96,Dothan,AL,0.4090804116,122.645,51,"Dothan, AL",31.2232313,-85.3904888
97,Dover,DE,0.3929265061,134.08625,38,"Dover, DE",39.158168,-75.5243682
98,Dubuque,IA,0.3643433361,116.6635,68,"Dubuque, IA",42.506348,-90.6677347
99,Duluth,MN,0.1993096504,67.639375,139,"Duluth, MN",46.7866719,-92.1004852
100,Durham-Chapel Hill,NC,0.213342488,61.605625,591,"Durham-Chapel Hill, NC",35.9708029,-78.9740725
101,East Stroudsburg,PA,0.3950168371,104.4291667,116,"East Stroudsburg, PA",41.0030522,-75.1817547
102,Eau Claire,WI,0.2709008472,87.546,40,"Eau Claire, WI",44.811349,-91.4984941
103,El Paso,TX,0.3095395262,85.22055556,1635,"El Paso, TX",31.7618778,-106.4850217
104,Elizabethtown-Fort Knox,KY,0.2795806318,74.92416667,190,"Elizabethtown-Fort Knox, KY",37.8836637,-85.9652686
105,Elkhart-Goshen,IN,0.4019515375,109.6866667,352,"Elkhart-Goshen, IN",41.5456719,-85.8281458
106,Elmira,NY,0.3331021703,82.16125,52,"Elmira, NY",42.0897965,-76.8077338
107,Enid,OK,0.1969123059,61.72357143,189,"Enid, OK",36.3955891,-97.8783911
108,Erie,PA,0.4135847514,129.2025,102,"Erie, PA",42.1292241,-80.085059
109,Eugene-Springfield,OR,0.1184606789,40.53214286,3559,"Eugene-Springfield, OR",44.0462362,-123.0220289
110,Evansville,IN,0.4007764713,116.7008333,269,"Evansville, IN",37.9715592,-87.5710898
111,Fargo,ND,0.05401117229,30.7245,118,"Fargo, ND",46.8771863,-96.7898034
112,Farmington,NM,0.2034894696,67.17833333,196,"Farmington, NM",36.7280583,-108.2186856
113,Fayetteville,NC,0.3861494663,103.1109615,768,"Fayetteville, NC",35.0523673,-78.8783774
114,Fayetteville-Springdale-Rogers,AR,0.3336552773,102.4913889,1143,"Fayetteville-Springdale-Rogers, AR",36.0148605,-94.2333355
115,Flagstaff,AZ,0.1574627831,54.21211538,2098,"Flagstaff, AZ",35.1982836,-111.651302
116,Flint,MI,0.4049010491,103.2635,152,"Flint, MI",43.0125274,-83.6874562
117,Florence,SC,0.2549862432,58.9875,62,"Florence, SC",34.1954331,-79.7625625
118,Florence-Muscle Shoals,AL,0.3325590909,106.1141667,194,"Florence-Muscle Shoals, AL",34.7448112,-87.6675292
119,Fond du Lac,WI,0.4123042181,115.47,30,"Fond du Lac, WI",43.7730448,-88.4470508
120,Fort Collins,CO,0.02473681659,17.99410714,1489,"Fort Collins, CO",40.5852602,-105.084423
121,Fort Smith,AR,0.3156607091,91.5021875,439,"Fort Smith, AR",35.3843722,-94.4209646
122,Fort Wayne,IN,0.37762769,97.44916667,315,"Fort Wayne, IN",41.079273,-85.1393513
123,Gadsden,AL,0.4260670364,132.5175,5,"Gadsden, AL",34.014264,-86.0066386
124,Gainesville,FL,0.2752178176,81.435625,516,"Gainesville, FL",29.6516344,-82.3248262
125,Gainesville,GA,0.3028138545,88.99,242,"Gainesville, GA",34.2978794,-83.8240663
126,Gettysburg,PA,0.3896047739,118.72,75,"Gettysburg, PA",39.8309293,-77.2310955
127,Glens Falls,NY,0.4720630488,167.44125,12,"Glens Falls, NY",43.3095164,-73.6440058
128,Goldsboro,NC,0.3787109061,104.13875,64,"Goldsboro, NC",35.3848841,-77.9927651
129,Grand Forks,ND,0.1134068015,35.08392857,221,"Grand Forks, ND",47.9252568,-97.0328547
130,Grand Island,NE,0.382689248,127.5216667,130,"Grand Island, NE",40.9263957,-98.3420118
131,Grand Junction,CO,0.130014797,49.159,236,"Grand Junction, CO",39.0638705,-108.5506486
132,Grand Rapids-Kentwood,MI,0.3299982048,95.0485,995,"Grand Rapids-Kentwood, MI",42.901022,-85.7256372
133,Grants Pass,OR,0.1452538152,48.74171875,829,"Grants Pass, OR",42.4390069,-123.3283925
134,Great Falls,MT,0.08229820518,23.583,167,"Great Falls, MT",47.5052849,-111.3007715
135,Greeley,CO,0.0632633713,30.167,747,"Greeley, CO",40.4233142,-104.7091322
136,Green Bay,WI,0.4783072479,156.2045,128,"Green Bay, WI",44.5133188,-88.0132958
137,Greensboro-High Point,NC,0.4421394199,131.4475,520,"Greensboro-High Point, NC",35.9556923,-80.0053176
138,Greenville,NC,0.4853347929,140.8883333,100,"Greenville, NC",35.612661,-77.3663538
139,Greenville-Anderson,SC,0.3066183465,92.378125,803,"Greenville-Anderson, SC",34.509023,-82.6521581
140,Gulfport-Biloxi,MS,0.2586210174,68.57678571,748,"Gulfport-Biloxi, MS",30.3674198,-89.0928155
141,Hagerstown-Martinsburg,MD,0.2754740342,69.14,315,"Hagerstown-Martinsburg, MD",39.6417629,-77.7199932
142,Hammond,LA,0.3481633309,108.2875,15,"Hammond, LA",30.5043583,-90.4611995
143,Harrisburg-Carlisle,PA,0.3537663339,100.3141667,258,"Harrisburg-Carlisle, PA",40.3157054,-77.1024902
144,Harrisonburg,VA,0.2341347159,66.7975,97,"Harrisonburg, VA",38.4495688,-78.8689155
145,Hartford-East Hartford-MiddleTown,CT,0.3528893678,104.16125,610,"Hartford-East Hartford-MiddleTown, CT",41.7634219,-72.6128339
146,Hattiesburg,MS,0.1453489759,41.50833333,71,"Hattiesburg, MS",31.3271189,-89.2903392
147,Hickory-Lenoir-Morganton,NC,0.4198223252,126.1407143,758,"Hickory-Lenoir-Morganton, NC",35.7454071,-81.6848188
148,Hilton Head Island-Bluffton,SC,0.1765575953,58.89607143,270,"Hilton Head Island-Bluffton, SC",32.2371465,-80.8603868
149,Hinesville,GA,0.4539423938,142.006875,128,"Hinesville, GA",31.8315028,-81.6141099
150,Homosassa Springs,FL,0.3839562015,121.0775,14,"Homosassa Springs, FL",28.8037059,-82.5761369
151,Hot Springs,AR,0.3718428825,121.3025,165,"Hot Springs, AR",34.5077615,-93.0546003
152,Houma-Thibodaux,LA,0.243276264,75.665,90,"Houma-Thibodaux, LA",29.7957633,-90.822871
153,Houston-The Woodlands-Sugar Land,TX,0.02835552496,18.15865385,5435,"Houston-The Woodlands-Sugar Land, TX",29.5984434,-95.6225521
154,Huntington-Ashland,WV,0.3535048696,96.89166667,50,"Huntington-Ashland, WV",38.3277225,-82.4752757
155,Huntsville,AL,0.398645847,126.015,634,"Huntsville, AL",34.7303688,-86.5861037
156,Idaho Falls,ID,0.2081910095,55.2525,617,"Idaho Falls, ID",43.4926607,-112.0407584
157,Indianapolis-Carmel-Anderson,IN,0.3557120461,92.07730769,1526,"Indianapolis-Carmel-Anderson, IN",39.83619,-86.1751759
158,Iowa City,IA,0.3691188599,113.2025,356,"Iowa City, IA",41.6578257,-91.5346169
159,Ithaca,NY,0.17323201,56.49958333,361,"Ithaca, NY",42.4439614,-76.5018807
160,Jackson,MI,0.3892240827,105.764375,204,"Jackson, MI",42.245869,-84.4013462
161,Jackson,MS,0.3440826091,107.9515,151,"Jackson, MS",32.2987573,-90.1848103
162,Jackson,TN,0.4134816709,107.6241667,38,"Jackson, TN",35.6145169,-88.8139469
163,Jacksonville,FL,0.182964393,64.4803125,1402,"Jacksonville, FL",30.3321838,-81.655651
164,Jacksonville,NC,0.2339156372,70.259,841,"Jacksonville, NC",34.7540524,-77.4302414
165,Janesville-Beloit,WI,0.4755844276,149.26375,67,"Janesville-Beloit, WI",42.5083482,-89.0317765
166,Jefferson City,MO,0.3114883711,83.80928571,129,"Jefferson City, MO",38.5767017,-92.1735164
167,JohnsTown,PA,0.4272010621,132.2535,210,"JohnsTown, PA",40.3267407,-78.9219698
168,Johnson City,TN,0.3935232553,124.58,114,"Johnson City, TN",36.3134397,-82.3534727
169,Jonesboro,AR,0.4479067036,133.465,73,"Jonesboro, AR",35.835696,-90.7051346
170,Joplin,MO,0.3506751503,107.9233333,127,"Joplin, MO",37.0842271,-94.513281
171,Kalamazoo-Portage,MI,0.3964428331,117.8625,444,"Kalamazoo-Portage, MI",42.2011538,-85.5800022
172,Kankakee,IL,0.4307589783,110.615,105,"Kankakee, IL",41.1200325,-87.8611531
173,Kansas City,MO,0.2111454886,60.42931818,1363,"Kansas City, MO",39.0997265,-94.5785667
174,Kennewick-Richland,WA,0.3070615181,92.17541667,666,"Kennewick-Richland, WA",46.2086683,-119.119948
175,Killeen-Temple,TX,0.3559728494,103.7307143,1586,"Killeen-Temple, TX",31.1241507,-97.6982272
176,Kingsport-Bristol,TN,0.3212203436,103.515,34,"Kingsport-Bristol, TN",36.5951059,-82.1887444
177,Kingston,NY,0.4318320675,167.865,14,"Kingston, NY",41.9270367,-73.9973608
178,Knoxville,TN,0.2514892732,77.91275,1097,"Knoxville, TN",35.9606384,-83.9207392
179,Kokomo,IN,0.5243032096,145.82875,11,"Kokomo, IN",40.486427,-86.1336033
180,La Crosse-Onalaska,WI,0.2580898638,87.784375,85,"La Crosse-Onalaska, WI",43.8792745,-91.2240694
181,Lafayette,LA,0.111124809,34.15208333,140,"Lafayette, LA",30.2240897,-92.0198427
182,Lafayette-West Lafayette,IN,0.4419848759,128.8358333,312,"Lafayette-West Lafayette, IN",40.4258686,-86.9080655
183,Lake Charles,LA,0.2314977988,80.505,101,"Lake Charles, LA",30.2265949,-93.2173758
184,Lake Havasu City-Kingman,AZ,0.1813975794,54.25214286,2888,"Lake Havasu City-Kingman, AZ",34.483901,-114.3224548
185,Lakeland-Winter Haven,FL,0.3088584697,103.3408333,392,"Lakeland-Winter Haven, FL",28.0222435,-81.7328567
186,Lancaster,PA,0.2887684612,78.0955,148,"Lancaster, PA",40.0378755,-76.3055144
187,Lansing-East Lansing,MI,0.4431983443,137.9133333,421,"Lansing-East Lansing, MI",42.7369792,-84.4838654
188,Laredo,TX,0.3993145117,133.9875,62,"Laredo, TX",27.5035613,-99.5075519
189,Las Cruces,NM,0.3916445109,115.0441667,463,"Las Cruces, NM",32.3199396,-106.7636538
190,Las Vegas-Henderson-Paradise,NV,0.3052525732,87.844,20463,"Las Vegas-Henderson-Paradise, NV",36.0971945,-115.1466648
191,Lawrence,KS,0.249766954,75.48464286,101,"Lawrence, KS",38.9716689,-95.2352501
192,Lawton,OK,0.3559097462,94.84875,354,"Lawton, OK",34.6035669,-98.3959291
193,Lebanon,PA,0.4056479846,116.49625,48,"Lebanon, PA",40.3409251,-76.4113497
194,Lewiston,ID,0.195081949,54.65392857,253,"Lewiston, ID",46.4004089,-117.0011889
195,Lewiston-Auburn,ME,0.4759556242,169.77,41,"Lewiston-Auburn, ME",44.100351,-70.2147764
196,Lexington-Fayette,KY,0.2756941726,73.38083333,102,"Lexington-Fayette, KY",38.0405837,-84.5037164
197,Lima,OH,0.3955001368,109.956875,174,"Lima, OH",40.742551,-84.1052256
198,Lincoln,NE,0.3137611263,87.33535714,486,"Lincoln, NE",40.813616,-96.7025955
199,Little Rock-North Little Rock-Conway,AR,0.2692236844,74.205,163,"Little Rock-North Little Rock-Conway, AR",34.756104,-92.2677497
200,Logan,UT,0.2307597306,63.74214286,266,"Logan, UT",41.7369803,-111.8338359
201,Longview,TX,0.3051045549,102.67375,112,"Longview, TX",32.5007037,-94.7404891
202,Longview,WA,0.2802359286,88.10535714,237,"Longview, WA",46.1381676,-122.9381672
203,Louisville/Jefferson County,KY,0.3479612851,106.20075,600,"Louisville/Jefferson County, KY",38.2526647,-85.7584557
204,Lubbock,TX,0.3076513172,93.66857143,505,"Lubbock, TX",33.5845617,-101.8456417
205,Lynchburg,VA,0.3525149364,113.9841667,194,"Lynchburg, VA",37.4137536,-79.1422464
206,Macon-Bibb County,GA,0.4817703872,135.488125,67,"Macon-Bibb County, GA",32.8406946,-83.6324022
207,Madison,WI,0.2480661387,68.76875,278,"Madison, WI",43.0721661,-89.4007501
208,Manchester-Nashua,NH,0.1470725968,53.203,265,"Manchester-Nashua, NH",42.7851459,-71.4797373
209,Manhattan,KS,0.2025813015,64.30416667,408,"Manhattan, KS",39.1836082,-96.5716694
210,Mankato,MN,0.07372812276,15.765,22,"Mankato, MN",44.1635775,-93.9993996
211,Mansfield,OH,0.5362835391,159.3083333,67,"Mansfield, OH",40.75839,-82.5154471
212,McAllen-Edinburg-Mission,TX,0.397917474,122.7417857,454,"McAllen-Edinburg-Mission, TX",26.2336971,-98.1775638
213,Medford,OR,0.07800214448,35.12975,1364,"Medford, OR",42.3265152,-122.8755949
214,Memphis,TN,0.3590996261,96.14166667,858,"Memphis, TN",35.1495343,-90.0489801
215,Miami-Fort Lauderdale-Pompano Beach,FL,-0.1475889529,-25.6875,1251,"Miami-Fort Lauderdale-Pompano Beach, FL",26.2378597,-80.1247667
216,Michigan City-La Porte,IN,0.322605855,86.8925,57,"Michigan City-La Porte, IN",41.7075394,-86.8950297
217,Midland,MI,0.5606508151,189.548125,60,"Midland, MI",43.6155825,-84.2472116
218,Midland,TX,-0.05823725521,-9.8645,275,"Midland, TX",31.9973456,-102.0779146
219,Milwaukee-Waukesha,WI,0.2852504097,83.92666667,279,"Milwaukee-Waukesha, WI",43.0158822,-88.2435014
220,Minneapolis-St. Paul-Bloomington,MN,0.06647095111,25.695,513,"Minneapolis-St. Paul-Bloomington, MN",44.840798,-93.2982799
221,Missoula,MT,0.1121802619,42.491,470,"Missoula, MT",46.8721284,-113.9940314
222,Mobile,AL,0.2821691785,71.4555,53,"Mobile, AL",30.6953657,-88.0398912
223,Monroe,LA,0.1325910727,43.395,11,"Monroe, LA",32.5093109,-92.1193012
224,Monroe,MI,0.3753081585,98.685,22,"Monroe, MI",41.9164343,-83.3977101
225,Montgomery,AL,0.3659062919,87.24916667,318,"Montgomery, AL",32.3792233,-86.3077368
226,MorganTown,WV,0.2610049862,73.42125,119,"MorganTown, WV",39.629526,-79.9558968
227,MorrisTown,TN,0.3739735777,107.61375,75,"MorrisTown, TN",36.2139814,-83.2948922
228,Mount Vernon-Anacortes,WA,0.1381355784,47.80483333,261,"Mount Vernon-Anacortes, WA",48.4201105,-122.3374542
229,Muncie,IN,0.2987147162,60.7175,14,"Muncie, IN",40.1933767,-85.3863599
230,Muskegon,MI,0.3038586296,79.63583333,22,"Muskegon, MI",43.2341813,-86.2483921
231,Myrtle Beach-Conway-North Myrtle Beach,SC,0.2241037424,62.24833333,304,"Myrtle Beach-Conway-North Myrtle Beach, SC",33.7973825,-78.7400318
232,Naples-Marco Island,FL,0.1046974985,42.2975,321,"Naples-Marco Island, FL",25.9397412,-81.7075355
233,Nashville-Davidson--Murfreesboro--Franklin,TN,0.1257916627,48.20725,2621,"Nashville-Davidson--Murfreesboro--Franklin, TN",35.8456213,-86.39027
234,New Bern,NC,0.4354786862,132.42775,502,"New Bern, NC",35.108493,-77.0441143
235,New Haven-Milford,CT,0.3746684953,118.0140625,174,"New Haven-Milford, CT",41.227077,-73.0220961
236,New Orleans-Metairie,LA,0.1525922547,45.87055556,418,"New Orleans-Metairie, LA",29.9995605,-90.1785246
237,New York-Newark-Jersey City,NY,-0.1904873144,-34.158,233,"New York-Newark-Jersey City, NY",40.7127753,-74.0059728
238,Niles,MI,0.345590683,108.039,138,"Niles, MI",41.8297694,-86.2541768
239,North Port-Sarasota-Bradenton,FL,0.1191724229,40.21525,1003,"North Port-Sarasota-Bradenton, FL",27.3959334,-82.5185837
240,Norwich-New London,CT,0.3172492648,98.028,137,"Norwich-New London, CT",41.3556539,-72.0995209
241,Ocala,FL,0.3305631744,100.7710714,290,"Ocala, FL",29.1871986,-82.1400923
242,Ocean City,NJ,0.04890475742,24.60583333,358,"Ocean City, NJ",39.2776156,-74.5746001
243,Odessa,TX,-0.05318071056,2.246785714,570,"Odessa, TX",31.8456816,-102.3676431
244,Ogden-Clearfield,UT,0.1460914931,46.36769231,1447,"Ogden-Clearfield, UT",41.135714,-111.9999435
245,Oklahoma City,OK,0.2209831439,66.685,1946,"Oklahoma City, OK",35.4675602,-97.5164276
246,Olympia-Lacey-Tumwater,WA,0.2236270618,70.370625,730,"Olympia-Lacey-Tumwater, WA",47.0073187,-122.9093063
247,Omaha-Council Bluffs,NE,0.3141279922,91.27475,513,"Omaha-Council Bluffs, NE",41.2903833,-95.8987139
248,Orlando-Kissimmee-Sanford,FL,0.1313440667,38.086,827,"Orlando-Kissimmee-Sanford, FL",28.5828156,-81.3399414
249,Oshkosh-Neenah,WI,0.4755802131,144.8875,253,"Oshkosh-Neenah, WI",44.1858193,-88.462609
250,Palm Bay-Melbourne-Titusville,FL,0.1493057319,43.07416667,1253,"Palm Bay-Melbourne-Titusville, FL",28.263933,-80.7214417
251,Panama City,FL,0.1764138519,58.78916667,531,"Panama City, FL",30.1588129,-85.6602058
252,Parkersburg-Vienna,WV,0.2488665798,59.24875,32,"Parkersburg-Vienna, WV",39.3270191,-81.5484578
253,Pensacola-Ferry Pass-Brent,FL,0.2237031603,64.426,482,"Pensacola-Ferry Pass-Brent, FL",30.4332772,-87.199966
254,Peoria,IL,0.3184957108,90.48535714,84,"Peoria, IL",40.6936488,-89.5889864
255,Philadelphia-Camden-Wilmington,PA,0.1012685651,39.31035714,361,"Philadelphia-Camden-Wilmington, PA",39.8373479,-75.1545381
256,Phoenix-Mesa-Chandler,AZ,0.01722614329,15.34556818,22769,"Phoenix-Mesa-Chandler, AZ",33.3061605,-111.8412502
257,Pine Bluff,AR,0.1861312935,36.3775,9,"Pine Bluff, AR",34.224908,-92.0033977
258,Pittsburgh,PA,0.2087579325,56.62975,468,"Pittsburgh, PA",40.4406248,-79.9958864
259,Pittsfield,MA,0.2828460467,88.159,238,"Pittsfield, MA",42.4500845,-73.2453824
260,Pocatello,ID,0.2528381777,72.8059375,170,"Pocatello, ID",42.8621042,-112.4506191
261,Port St. Lucie,FL,0.2604382941,87.22821429,420,"Port St. Lucie, FL",27.2730492,-80.3582261
262,Portland-South Portland,ME,0.09745743911,38.914375,104,"Portland-South Portland, ME",43.6414716,-70.2408811
263,Portland-Vancouver-Hillsboro,OR,-0.1306015743,-18.51960526,11012,"Portland-Vancouver-Hillsboro, OR",45.6536758,-122.5462872
264,Poughkeepsie-Newburgh-MiddleTown,NY,0.2414869618,65.14083333,297,"Poughkeepsie-Newburgh-MiddleTown, NY",41.5034271,-74.0104178
265,Prescott Valley-Prescott,AZ,0.2022728705,65.05557692,2547,"Prescott Valley-Prescott, AZ",34.6100243,-112.315721
266,Providence-Warwick,RI,0.1487176531,49.58892857,961,"Providence-Warwick, RI",41.7649202,-71.4299364
267,Provo-Orem,UT,0.1294972204,44.07764706,2880,"Provo-Orem, UT",40.2968979,-111.6946475
268,Pueblo,CO,0.1732590126,39.06625,54,"Pueblo, CO",38.2544472,-104.6091409
269,Punta Gorda,FL,0.2603257316,89.04642857,212,"Punta Gorda, FL",26.9297836,-82.0453664
270,Racine,WI,0.2743930646,62.94,24,"Racine, WI",42.7261309,-87.7828523
271,Raleigh-Cary,NC,0.3284617581,95.495,1393,"Raleigh-Cary, NC",35.79154,-78.7811169
272,Rapid City,SD,0.1297022866,46.40583333,458,"Rapid City, SD",44.0805434,-103.2310149
273,Reading,PA,0.5868185297,228.1125,26,"Reading, PA",40.3356483,-75.9268747
274,Reno,NV,0.1857560619,58.45453125,3270,"Reno, NV",39.529919,-119.8142691
275,Richmond,VA,0.2461769447,78.76041667,361,"Richmond, VA",37.5407246,-77.4360481
276,Roanoke,VA,0.3643095581,104.8865,194,"Roanoke, VA",37.2709704,-79.9414266
277,Rochester,MN,0.3236760938,94.3425,288,"Rochester, MN",44.0121221,-92.4801989
278,Rochester,NY,0.396288269,103.13875,434,"Rochester, NY",43.1565779,-77.6088465
279,Rockford,IL,0.5274647481,143.5275,59,"Rockford, IL",42.2711311,-89.0939952
280,Rocky Mount,NC,0.5555462715,181.4158333,64,"Rocky Mount, NC",35.9382103,-77.7905339
281,Saginaw,MI,0.4840205658,142.016,76,"Saginaw, MI",43.4194699,-83.9508068
282,Salem,OR,0.1587400192,51.5,1285,"Salem, OR",44.9428975,-123.0350963
283,Salisbury,MD,0.17881477,54.375,56,"Salisbury, MD",38.3606736,-75.5993692
284,Salt Lake City,UT,0.0783628965,33.728,3246,"Salt Lake City, UT",40.7607793,-111.8910474
285,San Angelo,TX,0.06687509816,22.68,393,"San Angelo, TX",31.4637723,-100.4370375
286,San Antonio-New Braunfels,TX,0.1310573525,44.07068182,3839,"San Antonio-New Braunfels, TX",29.4249213,-98.4930675
287,Santa Fe,NM,0.3907664231,123.6753571,380,"Santa Fe, NM",35.6869752,-105.937799
288,Savannah,GA,0.2332291171,66.86666667,152,"Savannah, GA",32.0808989,-81.091203
289,Scranton--Wilkes-Barre,PA,0.3639871513,101.926,425,"Scranton--Wilkes-Barre, PA",41.2414727,-75.868918
290,Seattle-Tacoma-Bellevue,WA,-0.1547048161,-24.11625,8212,"Seattle-Tacoma-Bellevue, WA",47.6061031,-122.3320534
291,Sebastian-Vero Beach,FL,0.2551229792,73.7025,372,"Sebastian-Vero Beach, FL",27.816415,-80.4706078
292,Sebring-Avon Park,FL,0.4200707339,130.6525,26,"Sebring-Avon Park, FL",27.5958672,-81.5061862
293,Sheboygan,WI,0.456347009,135.98,13,"Sheboygan, WI",43.7508284,-87.71453
294,Sherman-Denison,TX,0.09483259114,28.4805,190,"Sherman-Denison, TX",33.6704808,-96.6101496
295,Shreveport-Bossier City,LA,0.2281862946,62.2315,185,"Shreveport-Bossier City, LA",32.5159852,-93.7321228
296,Sierra Vista-Douglas,AZ,0.3811698466,113.7165,699,"Sierra Vista-Douglas, AZ",31.828458,-109.949686
297,Sioux City,IA,0.4022748517,131.8691667,66,"Sioux City, IA",42.4963416,-96.4049408
298,Sioux Falls,SD,0.282275632,89.22333333,1039,"Sioux Falls, SD",43.5460223,-96.731265
299,South Bend-Mishawaka,IN,0.4793709576,152.915,39,"South Bend-Mishawaka, IN",41.6619927,-86.1586156
300,Spartanburg,SC,0.3511125092,92.18928571,448,"Spartanburg, SC",34.9495672,-81.9320482
301,Spokane-Spokane Valley,WA,0.2229757641,63.48618421,3023,"Spokane-Spokane Valley, WA",47.6826185,-117.1558381
302,Springfield,IL,0.4706479827,152.6941667,125,"Springfield, IL",39.7817213,-89.6501481
303,Springfield,MA,0.2024819199,57.47916667,173,"Springfield, MA",42.1014831,-72.589811
304,Springfield,MO,0.3867516547,110.8133929,563,"Springfield, MO",37.2089572,-93.2922989
305,Springfield,OH,0.4468553859,114.09,179,"Springfield, OH",39.9242266,-83.8088171
306,St. Cloud,MN,0.2120994497,57.99464286,139,"St. Cloud, MN",45.5579451,-94.1632404
307,St. George,UT,0.3129340598,91.43,1453,"St. George, UT",37.0965278,-113.5684164
308,St. Joseph,MO,0.2447934682,63.35625,6,"St. Joseph, MO",39.7674578,-94.846681
309,St. Louis,MO,0.2351475112,68.1496875,865,"St. Louis, MO",38.6270025,-90.1994042
310,State College,PA,0.2050191134,68.00825,202,"State College, PA",40.7933949,-77.8600012
311,Staunton,VA,0.2721081243,77.50083333,210,"Staunton, VA",38.149576,-79.0716958
312,Sumter,SC,0.2539191185,67.109375,136,"Sumter, SC",33.9204354,-80.3414693
313,Syracuse,NY,0.3326060453,88.56,274,"Syracuse, NY",43.0481221,-76.1474244
314,Tallahassee,FL,0.3400376571,112.51625,90,"Tallahassee, FL",30.4382559,-84.2807329
315,Tampa-St. Petersburg-Clearwater,FL,0.004962697594,10.35980769,1014,"Tampa-St. Petersburg-Clearwater, FL",28.274347,-82.3885783
316,Terre Haute,IN,0.4614545696,129.5475,89,"Terre Haute, IN",39.4667034,-87.4139092
317,Texarkana,TX,0.3295210865,84.1325,1,"Texarkana, TX",33.425125,-94.0476882
318,The Villages,FL,0.03111261414,7.36,43,"The Villages, FL",28.927019,-82.0037608
319,Toledo,OH,0.3919374931,95.93928571,101,"Toledo, OH",41.6528052,-83.5378674
320,Topeka,KS,0.3646270247,109.6377778,145,"Topeka, KS",39.0473451,-95.6751576
321,Trenton-Princeton,NJ,0.2689194508,79.3075,330,"Trenton-Princeton, NJ",40.2205824,-74.759717
322,Tucson,AZ,0.2391288799,70.01402778,3632,"Tucson, AZ",32.2539787,-110.9741769
323,Tulsa,OK,0.224929635,65.96847222,1675,"Tulsa, OK",36.1539816,-95.992775
324,Tuscaloosa,AL,0.2618123561,68.99,427,"Tuscaloosa, AL",33.2098407,-87.5691735
325,Twin Falls,ID,0.2311688781,64.70222222,679,"Twin Falls, ID",42.5558381,-114.4700518
326,Tyler,TX,0.3722656189,119.688125,269,"Tyler, TX",32.3512601,-95.3010624
327,Utica-Rome,NY,0.3324303244,97.07166667,31,"Utica-Rome, NY",43.100903,-75.232664
328,Valdosta,GA,0.4261399867,128.9975,43,"Valdosta, GA",30.8327022,-83.2784851
329,Victoria,TX,0.2373984086,100.6616667,87,"Victoria, TX",28.8052674,-97.0035982
330,Vineland-Bridgeton,NJ,0.4638292742,144.2625,30,"Vineland-Bridgeton, NJ",39.4704305,-75.1398098
331,Virginia Beach-Norfolk-Newport News,VA,0.08454786629,26.8725,2430,"Virginia Beach-Norfolk-Newport News, VA",37.0870821,-76.4730122
332,Waco,TX,0.2300281369,73.83454545,1110,"Waco, TX",31.549333,-97.1466695
333,Walla Walla,WA,0.2673320294,87.29,338,"Walla Walla, WA",46.0645809,-118.3430209
334,Warner Robins,GA,0.5480920422,176.7758333,268,"Warner Robins, GA",32.6130007,-83.624201
335,Waterloo-Cedar Falls,IA,0.1256749649,37.25666667,308,"Waterloo-Cedar Falls, IA",42.5348993,-92.4453161
336,Watertown-Fort Drum,NY,0.2731843216,94.093,182,"Watertown-Fort Drum, NY",43.9747838,-75.9107565
337,Wausau-Weston,WI,0.4053724409,134.4025,8,"Wausau-Weston, WI",44.8908021,-89.5476204
338,Weirton-Steubenville,WV,0.409105822,131.801875,82,"Weirton-Steubenville, WV",40.3697905,-80.6339638
339,Wenatchee,WA,0.1231478939,42.27145833,316,"Wenatchee, WA",47.4234599,-120.3103494
340,Wheeling,WV,0.3683253036,107.4183333,14,"Wheeling, WV",40.0639616,-80.7209149
341,Wichita,KS,0.321571955,85.58972222,636,"Wichita, KS",37.6871761,-97.330053
342,Wichita Falls,TX,0.324689934,92.06386364,341,"Wichita Falls, TX",33.9137085,-98.4933873
343,Williamsport,PA,0.2668459267,76.7725,75,"Williamsport, PA",41.2411897,-77.0010786
344,Wilmington,NC,0.2163010116,74.780625,126,"Wilmington, NC",34.2103894,-77.8868117
345,Winston-Salem,NC,0.4242248349,132.2591667,359,"Winston-Salem, NC",36.0998596,-80.244216
346,Worcester,MA,0.2527660992,78.15678571,386,"Worcester, MA",42.2625932,-71.8022934
347,Yakima,WA,0.3191573634,96.95863636,391,"Yakima, WA",46.6020711,-120.5058987
348,York-Hanover,PA,0.2816122055,68.23333333,39,"York-Hanover, PA",39.8006553,-76.9830358
349,Youngstown-Warren-Boardman,OH,0.3906020751,102.5159375,157,"Youngstown-Warren-Boardman, OH",41.0242256,-80.6628528
350,Yuma,AZ,0.3137693077,88.3235,1210,"Yuma, AZ",32.6926512,-114.6276916